<?xml version="1.0" encoding="utf-8" standalone="yes"?>
<rss version="2.0" xmlns:atom="http://www.w3.org/2005/Atom">
  <channel>
    <title>Erlich Bachman</title>
    <link>/hugo-goa-demo/</link>
    <description>Recent content on Erlich Bachman</description>
    <generator>Hugo -- gohugo.io</generator>
    <language>en-US</language>
    <lastBuildDate>Mon, 03 Oct 2016 16:59:13 -0400</lastBuildDate>
    
	<atom:link href="/hugo-goa-demo/index.xml" rel="self" type="application/rss+xml" />
    
    
    <item>
      <title>Hooli’s Hot New Hardware</title>
      <link>/hugo-goa-demo/blog/third/</link>
      <pubDate>Mon, 03 Oct 2016 16:59:13 -0400</pubDate>
      
      <guid>/hugo-goa-demo/blog/third/</guid>
      <description>Note: This article originally appeared in CodeRag.
When Hooli acquired Endframe, no one could wait to see what the tech giant would do with the revolutionary, middle-out compression technology. The wait is over: In a savvy pivot, Hooli took the software and created their newest hardware: the Hooli/Endframe Box. While initially conceived as a consumer-facing platform, the Endframe technology has been repurposed to “make the world a better place through secure, high-capacity enterprise data storage servers utilizing middle-out compression technology.</description>
    </item>
    
    <item>
      <title>About</title>
      <link>/hugo-goa-demo/about/</link>
      <pubDate>Sun, 02 Oct 2016 22:55:05 -0400</pubDate>
      
      <guid>/hugo-goa-demo/about/</guid>
      <description>Erlich administers the Hacker Hostel, a tech incubator where Richard, Big Head, Dinesh, and Gilfoyle live and work in exchange for 10 percent of their potential businesses. Erlich clings to his glory days, when he sold aviation start-up Aviato, a move that, at least in his mind, qualifies him to be a svengali lording over other tech nerds. He still drives a car emblazoned with multiple Aviato logos and smokes copious amounts of weed.</description>
    </item>
    
    <item>
      <title>CodeRag</title>
      <link>/hugo-goa-demo/coderag/</link>
      <pubDate>Sun, 02 Oct 2016 22:55:05 -0400</pubDate>
      
      <guid>/hugo-goa-demo/coderag/</guid>
      <description>Notes: This article originally appeared in CodeRag.
Code/Rag has always been more than just another online tech blog. We strive to be part of the tech community—serving an essential, fundamental look at what’s going on in the valley. It’s why our tagline is “Know Your Code.” We think a tech news publication should know the basics. Be the source. Get down to brass tacks. We can do that because we’re part of the very ecosystem we’re reporting on.</description>
    </item>
    
    <item>
      <title>Gavin Belson</title>
      <link>/hugo-goa-demo/blog/first/</link>
      <pubDate>Sun, 02 Oct 2016 15:59:13 -0400</pubDate>
      
      <guid>/hugo-goa-demo/blog/first/</guid>
      <description>Note: This article originally appeared in CodeRag.
Gavin Belson’s name has long been synonymous with innovation—but beyond his work at Hooli, do we even know the man behind the rampant success? In a Code/Rag exclusive, Belson revealed to us 10 things about himself that aren’t common knowledge.
 He’s a nature fanatic! “It’s important to me that Hooli has an effective recycling program, and a personal passion of mine is donating to elephant sanctuaries.</description>
    </item>
    
    <item>
      <title>Belson Back on Top</title>
      <link>/hugo-goa-demo/blog/second/</link>
      <pubDate>Sat, 01 Oct 2016 16:59:13 -0400</pubDate>
      
      <guid>/hugo-goa-demo/blog/second/</guid>
      <description>Note: This post originally appeared in CodeRag
Gavin Belson’s brilliant leadership is unstoppable. While allegedly taking a personal hiatus from day-to-day operations at Hooli, Belson couldn’t resist brokering a blockbuster deal between Hooli and Maleant Data Systems, deploying Hooli’s innovative new Hooli/Endframe Box. The multi-year deal brings handsome margins for Hooli and can easily be a template to apply across the entire Fortune 1000. An inside source tells me that, no surprise, the board was no longer satisfied to let Belson fade into the background.</description>
    </item>
    
    <item>
      <title>Hello R Markdown</title>
      <link>/hugo-goa-demo/blog/2015-07-23-r-rmarkdown/</link>
      <pubDate>Thu, 23 Jul 2015 21:13:14 -0500</pubDate>
      
      <guid>/hugo-goa-demo/blog/2015-07-23-r-rmarkdown/</guid>
      <description>R MarkdownThis is an R Markdown document. Markdown is a simple formatting syntax for authoring HTML, PDF, and MS Word documents. For more details on using R Markdown see http://rmarkdown.rstudio.com.
You can embed an R code chunk like this:
summary(cars)## speed dist ## Min. : 4.0 Min. : 2.00 ## 1st Qu.:12.0 1st Qu.: 26.00 ## Median :15.0 Median : 36.00 ## Mean :15.4 Mean : 42.98 ## 3rd Qu.</description>
    </item>
    
  </channel>
</rss>