<rss version="2.0" xmlns:atom="http://www.w3.org/2005/Atom">
  <channel>
    <title>hardware on Erlich Bachman</title>
    <link>/hugo-goa-demo/tags/hardware/</link>
    <description>Recent content in hardware on Erlich Bachman</description>
    <generator>Hugo -- gohugo.io</generator>
    <language>en-US</language>
    <lastBuildDate>Sun, 02 Oct 2016 15:59:13 -0400</lastBuildDate>
    
        <atom:link href="/hugo-goa-demo/tags/hardware/index.xml" rel="self" type="application/rss+xml" />
    
    
    <item>
      <title>Gavin Belson</title>
      <link>/hugo-goa-demo/blog/first/</link>
      <pubDate>Sun, 02 Oct 2016 15:59:13 -0400</pubDate>
      
      <guid>/hugo-goa-demo/blog/first/</guid>
      <description>&lt;p&gt;Note: This article originally appeared in &lt;a href=&#34;http://www.coderag.com/10-facts-you-didnt-know-about-gavin-belson/&#34;&gt;CodeRag&lt;/a&gt;.&lt;/p&gt;
&lt;p&gt;Gavin Belson’s name has long been synonymous with innovation—but beyond his work at Hooli, do we even know the man behind the rampant success? In a Code/Rag exclusive, Belson revealed to us 10 things about himself that aren’t common knowledge.&lt;/p&gt;
&lt;ul&gt;
&lt;li&gt;He’s a nature fanatic! “It’s important to me that Hooli has an effective recycling program, and a personal passion of mine is donating to elephant sanctuaries. In fact, I’ve recently spearheaded the creation of Hooli’s newest charity: the Hooli Elephant Wildlife Trust.”&lt;/li&gt;
&lt;li&gt;He likes to go analog! His company may have been founded on email, but Belson has a soft spot for the written word. “There’s something nostalgic about receiving a letter—it’s a message from the past.”&lt;/li&gt;
&lt;li&gt;He’s an honorary shaman! “I studied at the Institute of Spiritual Therapy and Vision Quests, where I was honored with the title of shaman. The Institute has fundamentally furthered my understanding of the world and its capacity for greatness.”&lt;/li&gt;
&lt;li&gt;His favorite pizza topping is pepperoni! “Uncured, preferably, with some aged parmesan.”&lt;/li&gt;
&lt;li&gt;He drives a Tesla! “Black. I try not to bee too conspicuous. And of course, the benefit to the environment is incomparable.”&lt;/li&gt;
&lt;li&gt;His health is important to him! “I eat at least one piece of unprocessed fruit a day.”&lt;/li&gt;
&lt;li&gt;He has bad habits too! “I never reboot my laptop. I know it’s bad, but I’m always in a hurry.”&lt;/li&gt;
&lt;li&gt;He doesn’t have a Nobel Peace Prize…yet! “It’s a common misconception, especially with the amount of charity work I do with Hooli, and sometimes people associate my status as a shaman with working towards world peace, which of course is something I’m striving for.”&lt;/li&gt;
&lt;li&gt;He’s loyal to his barber! “I’ve been going to the same barber for years—he was based in Palo Alto, but I’ve convinced him to move to the South Bay.”&lt;/li&gt;
&lt;li&gt;He really, really loves animals! “I would say I’m a cat person. And a dog person. I’m an animal person, and I don’t just mean that human beings are animals. Did you know the African bush elephant is still an endangered species? Programs like the Hooli Elephant Wildlife Trust won’t save them immediately, but it’s a start.”&lt;/li&gt;
&lt;/ul&gt;
</description>
      
            <category>gavin</category>
      
            <category>belson</category>
      
            <category>hooli</category>
      
            <category>hardware</category>
      
      
            <category>ad</category>
      
    </item>
    
  </channel>
</rss>
